IP ADDRESS,DATE,TIME,REQUEST STATUS,FILE SIZE,REQUEST,REQUEST URL,WEB BROWSER URL
83.149.9.216,17/May/2015,10:05:03 +0000,200, 203023 ,GET /presentations/logstash-monitorama-2013/images/kibana-search.png HTTP/1.1,http://semicomplete.com/presentations/logstash-monitorama-2013,"Mozilla/5.0 (Macintosh; Intel Mac OS X 10_9_1) AppleWebKit/537.36 (KHTML, like Gecko) Chrome/32.0.1700.77 Safari/537.36"
83.149.9.216,17/May/2015,10:05:43 +0000,200, 171717 ,"GET /presentations/logstash-monitorama-2013/images/kibana-dashboard3.png HTTP/1.1"" 200 17171",http://semicomplete.com/presentations/logstash-monitorama-2013,"Mozilla/5.0 (Macintosh; Intel Mac OS X 10_9_1) AppleWebKit/537.36 (KHTML, like Gecko) Chrome/32.0.1700.77 Safari/537.36"
83.149.9.216,17/May/2015,10:05:47 +0000,200, 26185 ,GET /presentations/logstash-monitorama-2013/plugin/highlight/highlight.js HTTP/1.1,"ht/highlight.js HTTP/1.1"" 200 26185 ""http://semicomplete.com/presentations/logstash-monitorama-2013","Mozilla/5.0 (Macintosh; Intel Mac OS X 10_9_1) AppleWebKit/537.36 (KHTML, like Gecko) Chrome/32.0.1700.77 Safari/537.36"
83.149.9.216,17/May/2015,10:05:12 +0000,200, 7697 ,GET /presentations/logstash-monitorama-2013/plugin/zoom-js/zoom.js HTTP/1.1,http://semicomplete.com/presentations/logstash-monitorama-2013,"Mozilla/5.0 (Macintosh; Intel Mac OS X 10_9_1) AppleWebKit/537.36 (KHTML, like Gecko) Chrome/32.0.1700.77 Safari/537.36"
83.149.9.216,17/May/2015,10:05:07 +0000,200, 2892 ,GET /presentations/logstash-monitorama-2013/plugin/notes/notes.js HTTP/1.1,http://semicomplete.com/presentations/logstash-monitorama-2013,"Mozilla/5.0 (Macintosh; Intel Mac OS X 10_9_1) AppleWebKit/537.36 (KHTML, like Gecko) Chrome/32.0.1700.77 Safari/537.36"
83.149.9.216,17/May/2015,10:05:34 +0000,200, 430406 ,GET /presentations/logstash-monitorama-2013/images/sad-medic.png HTTP/1.1,http://semicomplete.com/presentations/logstash-monitorama-2013,"Mozilla/5.0 (Macintosh; Intel Mac OS X 10_9_1) AppleWebKit/537.36 (KHTML, like Gecko) Chrome/32.0.1700.77 Safari/537.36"
83.149.9.216,17/May/2015,10:05:57 +0000,200, 38720 ,GET /presentations/logstash-monitorama-2013/css/fonts/Roboto-Bold.ttf HTTP/1.1,http://semicomplete.com/presentations/logstash-monitorama-2013,"Mozilla/5.0 (Macintosh; Intel Mac OS X 10_9_1) AppleWebKit/537.36 (KHTML, like Gecko) Chrome/32.0.1700.77 Safari/537.36"
83.149.9.216,17/May/2015,10:05:50 +0000,200, 41820 ,GET /presentations/logstash-monitorama-2013/css/fonts/Roboto-Regular.ttf HTTP/1.1,http://semicomplete.com/presentations/logstash-monitorama-2013,"Mozilla/5.0 (Macintosh; Intel Mac OS X 10_9_1) AppleWebKit/537.36 (KHTML, like Gecko) Chrome/32.0.1700.77 Safari/537.36"
83.149.9.216,17/May/2015,10:05:24 +0000,200, 52878 ,GET /presentations/logstash-monitorama-2013/images/frontend-response-codes.png HTTP/1.1,http://semicomplete.com/presentations/logstash-monitorama-2013,"Mozilla/5.0 (Macintosh; Intel Mac OS X 10_9_1) AppleWebKit/537.36 (KHTML, like Gecko) Chrome/32.0.1700.77 Safari/537.36"
83.149.9.216,17/May/2015,10:05:50 +0000,200, 321631 ,GET /presentations/logstash-monitorama-2013/images/kibana-dashboard.png HTTP/1.1,http://semicomplete.com/presentations/logstash-monitorama-2013,"Mozilla/5.0 (Macintosh; Intel Mac OS X 10_9_1) AppleWebKit/537.36 (KHTML, like Gecko) Chrome/32.0.1700.77 Safari/537.36"
83.149.9.216,17/May/2015,10:05:46 +0000,200, 2126 ,GET /presentations/logstash-monitorama-2013/images/Dreamhost_logo.svg HTTP/1.1,http://semicomplete.com/presentations/logstash-monitorama-2013,"Mozilla/5.0 (Macintosh; Intel Mac OS X 10_9_1) AppleWebKit/537.36 (KHTML, like Gecko) Chrome/32.0.1700.77 Safari/537.36"
83.149.9.216,17/May/2015,10:05:11 +0000,200, 394967 ,GET /presentations/logstash-monitorama-2013/images/kibana-dashboard2.png HTTP/1.1,http://semicomplete.com/presentations/logstash-monitorama-2013,"Mozilla/5.0 (Macintosh; Intel Mac OS X 10_9_1) AppleWebKit/537.36 (KHTML, like Gecko) Chrome/32.0.1700.77 Safari/537.36"
83.149.9.216,17/May/2015,10:05:19 +0000,200, 8095 ,GET /presentations/logstash-monitorama-2013/images/apache-icon.gif HTTP/1.1,http://semicomplete.com/presentations/logstash-monitorama-2013,"Mozilla/5.0 (Macintosh; Intel Mac OS X 10_9_1) AppleWebKit/537.36 (KHTML, like Gecko) Chrome/32.0.1700.77 Safari/537.36"
83.149.9.216,17/May/2015,10:05:33 +0000,200, 78075 ,GET /presentations/logstash-monitorama-2013/images/nagios-sms5.png HTTP/1.1,http://semicomplete.com/presentations/logstash-monitorama-2013,"Mozilla/5.0 (Macintosh; Intel Mac OS X 10_9_1) AppleWebKit/537.36 (KHTML, like Gecko) Chrome/32.0.1700.77 Safari/537.36"
83.149.9.216,17/May/2015,10:05:00 +0000,200, 25230 ,GET /presentations/logstash-monitorama-2013/images/redis.png HTTP/1.1,http://semicomplete.com/presentations/logstash-monitorama-2013,"Mozilla/5.0 (Macintosh; Intel Mac OS X 10_9_1) AppleWebKit/537.36 (KHTML, like Gecko) Chrome/32.0.1700.77 Safari/537.36"
83.149.9.216,17/May/2015,10:05:25 +0000,200, 8026 ,GET /presentations/logstash-monitorama-2013/images/elasticsearch.png HTTP/1.1,http://semicomplete.com/presentations/logstash-monitorama-2013,"Mozilla/5.0 (Macintosh; Intel Mac OS X 10_9_1) AppleWebKit/537.36 (KHTML, like Gecko) Chrome/32.0.1700.77 Safari/537.36"
83.149.9.216,17/May/2015,10:05:59 +0000,200, 54662 ,GET /presentations/logstash-monitorama-2013/images/logstashbook.png HTTP/1.1,http://semicomplete.com/presentations/logstash-monitorama-2013,"Mozilla/5.0 (Macintosh; Intel Mac OS X 10_9_1) AppleWebKit/537.36 (KHTML, like Gecko) Chrome/32.0.1700.77 Safari/537.36"
83.149.9.216,17/May/2015,10:05:30 +0000,200, 34245 ,GET /presentations/logstash-monitorama-2013/images/github-contributions.png HTTP/1.1,http://semicomplete.com/presentations/logstash-monitorama-2013,"Mozilla/5.0 (Macintosh; Intel Mac OS X 10_9_1) AppleWebKit/537.36 (KHTML, like Gecko) Chrome/32.0.1700.77 Safari/537.36"
83.149.9.216,17/May/2015,10:05:53 +0000,200, 4254 ,GET /presentations/logstash-monitorama-2013/css/print/paper.css HTTP/1.1,http://semicomplete.com/presentations/logstash-monitorama-2013,"Mozilla/5.0 (Macintosh; Intel Mac OS X 10_9_1) AppleWebKit/537.36 (KHTML, like Gecko) Chrome/32.0.1700.77 Safari/537.36"
83.149.9.216,17/May/2015,10:05:24 +0000,200, 220562 ,GET /presentations/logstash-monitorama-2013/images/1983_delorean_dmc-12-pic-38289.jpeg HTTP/1.1,http://semicomplete.com/presentations/logstash-2013,"Mozilla/5.0 (Macintosh; Intel Mac OS X 10_9_1) AppleWebKit/537.36 (KHTML, like Gecko) Chrome/32.0.1700.77 Safari/537.36"
